April 2026,,,,,,,,,,,
Date ,Time,Name,Attendance,,,,Date ,Name,Attendance,WARNING,
"Wednesday, April 1",6:30 AM,Gyan Lester Monteroso,,,,,"Wednesday, April 1, ",Mary Allen Trinidad,present,,
,,Kurt Absin,,,,,"Thursday, April 2, ",Mary Allen Trinidad,present,,
,,Danica Perado,present,,,,"Friday, April 3, ",Mary Allen Trinidad,present,,
,6:00 PM,Aresene Ochoco,present,,,,"Saturday, April 4, ",Mary Allen Trinidad,present,,
"Thursday, April 2",6:30 AM,Patricia Quinlog,NO MORNING MASS ,,,,"Sunday, April 5, ",Mary Allen Trinidad,present,,
,,Hannah Pasamonte,,,,,"Monday, April 6, ",Miguel Rivera,present,,
,,Mica Monsale,,,,,"Tuesday, April 7, ",Miguel Rivera,present,,
,,Nicole Hernandez,,,,,"Wednesday, April 8, ",Miguel Rivera,present,,
,,Lorraine Tumaneng,,,,,"Thursday, April 9, ",Miguel Rivera,present,,
,6:00 PM,Alee Kassandra Santos,,,,,"Friday, April 10, ",Miguel Rivera,present,,
"Friday, April 3",6:30 AM,Mica Monsale,NO MORNING MASS ,,,,"Saturday, April 11, ",Miguel Rivera,present,,
,,Nicole Hernandez,,,,,"Sunday, April 12, ",Miguel Rivera,present,,
,,Bona Ganzon,,,,,"Monday, April 13, ",Mary Allen Trinidad,present,,
,6:00 PM,John Lloyd Balino,,,,,"Tuesday, April 14, ",Mary Allen Trinidad,present,,
"Saturday, April 4",6:30 AM,Gian Carlo Nicdao,,,,,"Wednesday, April 15, ",Mary Allen Trinidad,present,,
,,John Paul Luarca,,,,,"Thursday, April 16, ",Mary Allen Trinidad,present,,
,,Bruce Monteroso,,,,,"Friday, April 17, ",Mary Allen Trinidad,present,,
,,Paula See,,,,,"Saturday, April 18, ",Mary Allen Trinidad,present,,
,6:00 PM,Julio Joaquin Salvame,present,,,,"Sunday, April 19, ",Mary Allen Trinidad,present,,
"Sunday, April 5",6:00 AM,Kurt Absin,present,,,,"Monday, April 20, ",Honey Zhaniel Pasamonte,present,,
,,Miguel Rivera,present,,,,"Tuesday, April 21, ",Honey Zhaniel Pasamonte,present,,
,,Josh Andrei Rambuyon,present,,,,"Wednesday, April 22, ",Honey Zhaniel Pasamonte,present,,
,,,,,,,"Thursday, April 23, ",Honey Zhaniel Pasamonte,present,,
,,Hailey Ba-Aqeel,present,,,,"Friday, April 24, ",Honey Zhaniel Pasamonte,present,,
,7:00 AM,Miguel Rivera,present,,,,"Saturday, April 25, ",Honey Zhaniel Pasamonte,present,,
,,Josh Andrei Rambuyon,present,,,,"Sunday, April 26, ",Honey Zhaniel Pasamonte,present,,
,,Kurt Absin,present,,,,"Monday, April 27, ",Josiah Bacani,present,,
,,Beatrice Manlangit,absent,,,,"Tuesday, April 28, ",Josiah Bacani,present,,
,,Aresene Ochoco,present,,,,"Wednesday, April 29, ",Josiah Bacani,present,,
,8:00 AM,Trishia Ramirez,present,,,,"Thursday, April 30, ",Josiah Bacani,present,,
,,Kurt Absin,present,,,,,,,,
,,Miguel Rivera,present,,,,April 2026,,,,
,,Beatrice Manlangit,absent,,,,Other Parish  Activities,,,,
,,Alee Kassandra Santos,present,,,,"Wednesday, April 1",Holy Hour / Holy Wednesday,,,
,9:00 AM,Gian Carlo Nicdao ,present,,,,,,,,
,,Kurt Absin,present,,,,,,,,
,,,,,,,,,Honey Zhaniel Pasamonte,present,
,,James Uy,present,,,,,,Mary Allen Trinidad,present,
,,Trishia Ramirez,present,,,,"Thursday, April 2",Banal na Triduo / Maundy Thursday,,,
,,Alee Kassandra Santos,present,,,,,,,,
,4:00 PM,Nicole Hernandez,present,,,,,,,,
,,Josiah Bacani,present,,,,,,,,
,,Vincent Cichon,present,,,,,,,,
,,Benjamin Mendoza,present,,,,,,Honey Zhaniel Pasamonte,present,
,,Bona Ganzon,present,,,,,,Mary Allen Trinidad,present,
,,,,,,,, Priest appreciation pubmat,John Lloyd Tumbaga,present,
,,,,,,,"Friday, April 3"," Daan ng Krus 
",,,
,,,,,,,,,,,
,,,,,,,,,Mary Allen Trinidad,present,
,,,,,,,,Pagtatanghal sa Krus na Banal,,,
,,,,,,,,,Mary Allen Trinidad,,
,,,,,,,,Prusisyon ng Sto. Sepulcro / Good Friday,,,
,,,,,,,,,,,
,,,,,,,,,,,
,,,,,,,,,,,
,,,,,,,,,Honey Zhaniel Pasamonte,present,
,5:00 PM,Vincent Cichon,present,,,,,,Mary Allen Trinidad,present,
,,Mary Allen Trinidad,present,,,,, Ruta ng Prusisyon pubmat ,John Lloyd Tumbaga,present,
,,Karl Lapuz,present,,,,"Saturday, April 4", Black Saturday pubmat,Honey Zhaniel Pasamonte,present,
,,David Reyes,present,,,,,Prusisyong ng Soledad,John Lloyd Tumbaga,present,
,6:00 PM,Aki Garcia,present,,,,"Sunday, April 5", Easter Sunday ,John Lloyd Tumbaga,present,
,,David Reyes,present,,,,, Pagpapasalamat pubmat,John Lloyd Tumbaga,present,
,7:00 PM,Aki Garcia,present,,,,"Saturday, April 11", Prayer Virgil / pubmat,John Lloyd Tumbaga,present,
,,John Lloyd Balino,present,,,,,,Honey Zhaniel Pasamonte,present,
"Monday, April 6",6:30 AM,Paula See,present,,,,"Sunday, April 12",2ND WEEK NG PAGKABUHAY PUBMAT,John Lloyd Tumbaga,present,
,,Karl Lapuz,present,,,,,,,,
,,Mica Monsale,present,,,,"Sunday, April 19",3RD WEEK NG PAGKABUHAY PUBMAT,John Lloyd Tumbaga,present,
,6:00 PM,Julio Joaquin Salvame,present,,,,,,,,
"Tuesday, April 7",6:30 AM,Gian Carlo Nicdao,present,,,,"Sunday, April 26",4TH WEEK NG PAGKABUHAY PUBMAT,John Lloyd Tumbaga,present,
,,Trishia Ramirez,present,,,,,,,,
,,James Uy,absent,,,,,,,,
,,Danica Perado,present,,,,,,,,
,6:00 PM,Hailey Ba-Aqeel,present,,,,,,,,
"Wednesday, April 8",6:30 AM,Vincent Cichon,present,,,,,,,,
,,Gyan Lester Monteroso,present,,,,,,,,
,,Danica Perado,present,,,,,,,,
,6:00 PM,Arsene Ochoco,present,,,,,,,,
"Thursday, April 9",6:30 AM,Patricia Quinlog,present,,,,,,,,
,,Hannah Pasamonte,present,,,,,,,,
,,Josiah Bacani,present,,,,,,,,
,,Nicole Hernandez,present,,,,,,,,
,,Alee Kassandra Santos,present,,,,,,,,
,6:00 PM,Alee Kassandra Santos,present,,,,,,,,
"Friday, April 10",6:30 AM,Hannah Pasamonte,present,,,,,,,,
,,Aki Garcia,late,,,,,,,,
,,Nicole Hernandez,present,,,,,,,,
,,Bona Ganzon,present,,,,,,,,
,6:00 PM,John Lloyd Balino,present,,,,,,,,
"Saturday, April 11",6:30 AM,Gian Carlo Nicdao,present,,,,,,,,
,,John Paul Luarca,present,,,,,,,,
,,Bruce Monteroso,present,,,,,,,,
,,Paula See,present,,,,,,,,
,6:00 PM,Julio Joaquin Salvame,present,,,,,,,,
"Sunday, April 12",6:00 AM,John Paul Luarca,present,,,,,,,,
,,Miguel Rivera,present,,,,,,,,
,,Josh Andrei Rambuyon,present,,,,,,,,
,,Alee Kassandra Santos,present,,,,,,,,
,7:00 AM,Miguel Rivera,present,,,,,,,,
,,John Paul Luarca,present,,,,,,,,
,,Beatrice Manlangit,present,,,,,,,,
,,Aresene Ochoco,present,,,,,,,,
,8:00 AM,Trishia Ramirez,present,,,,,,,,
,,Gian Carlo Nicdao,present,,,,,,,,
,,Beatrice Manlangit,present,,,,,,,,
,,Hailey Ba-Aqeel,present,,,,,,,,
,9:00 AM,Gian Carlo Nicdao ,present,,,,,,,,
,,Kurt Absin,present,,,,,,,,
,,Paula See,present,,,,,,,,
,,John Lloyd Tumbaga,present,,,,,,,,
,,Mica Monsale,present,,,,,,,,
,4:00 PM,Nicole Hernandez,present,,,,,,,,
,,Josiah Bacani,present,,,,,,,,
,,Vincent Cichon,present,,,,,,,,
,,Benjamin Mendoza,present,,,,,,,,
,,Bona Ganzon,present,,,,,,,,
,5:00 PM,Vincent Cichon,present,,,,,,,,
,,Mary Allen Trinidad,present,,,,,,,,
,,Karl Lapuz,present,,,,,,,,
,,David Reyes,present,,,,,,,,
,6:00 PM,Aki Garcia,present,,,,,,,,
,,David Reyes,present,,,,,,,,
,7:00 PM,Aki Garcia,present,,,,,,,,
,,John Lloyd Balino,present,,,,,,,,
"Monday, April 13",6:30 AM,Paula See,absent,,,,,,,,
,,Karl Lapuz,present,,,,,,,,
,,Nicole Hernandez,absent,,,,,,,,
,6:00 PM,Julio Joaquin Salvame,absent,,,,,,,,
"Tuesday, April 14",6:30 AM,Gian Carlo Nicdao,late,,,,,,,,
,,Trishia Ramirez,present,,,,,,,,
,,James Uy,Excused,,,,,,,,
,,Danica Perado,present,,,,,,,,
,6:00 PM,Hailey Ba-Aqeel,present,,,,,,,,
"Wednesday, April 15",6:30 AM,Kurt Absin,absent,,,,,,,,
,,Benjamin Mendoza,present,,,,,,,,
,,Gyan Lester Monteroso,absent,,,,,,,,
,,Danica Perado,present,,,,,,,,
,6:00 PM,Arsene Ochoco,present,,,,,Other Activities,,,
"Thursday, April 16",6:30 AM,Patricia Quinlog,present,,,,,"Wednesday, April 1","Holy Hour
6:00 PM",John Lloyd Tumbaga,present
,,Hannah Pasamonte,present,,,,,,,Paula See,present
,,Mica Monsale,present,,,,,,,Allen Trinidad,present
,,Nicole Hernandez,present,,,,,,,Honey Pasamonte ,present
,,Alee Kassandra Santos,present,,,,,"Thursday, April 2","Pagmimisa sa
 Pagtatakipsilim sa
 Paghahapunan ng 
Panginoon
5:00 PM",Nicole Hernandez,present
,6:00 PM,Alee Kassandra Santos,present,,,,,,,Paula See,present
"Friday, April 17",6:30 AM,Mica Monsale,present,,,,,,,John Paul Luarca ,present
,,Aki Garcia,absent,,,,,,,Mica Monsale ,present
,,Nicole Hernandez,present,,,,,,,Aleena Kassandra Santos,present
,,Bona Ganzon,absent,,,,,"Friday, April 3","Pagtatanghal sa 
Krus na Banal
3:00 PM",Paula See,present
,6:00 PM,John Lloyd Balino,present,,,,,,,Karl Lopuz,present
"Saturday, April 18",6:30 AM,Gian Carlo Nicdao,present,,,,,,,John Paul Luarca ,present
,,John Paul Luarca,present,,,,,,,Mica Monsale,present
,,Bruce Monteroso,present,,,,,,,John Lloyd Balino,present
,,Paula See,present,,,,,"Friday, April 3","Prusisyon ng
 Santo Sepulcro
5:00 PM",Mica Monsale,present
,6:00 PM,Julio Joaquin Salvame,present,,,,,,,Nicole Hernandez,present
"Sunday, April 19",6:00 AM,John Paul Luarca,present,,,,,,,Josiah Bacani,present
,,Miguel Rivera,present,,,,,,,Paula See,present
,,Josh Andrei Rambuyon,present,,,,,,,John Paul Luarca,present
,,Alee Kassandra Santos,present,,,,,,,Trishia Ramirez,present
,7:00 AM,Miguel Rivera,present,,,,,,,Gian Nicdao,present
,,John Paul Luarca,present,,,,,,,Karl Lapuz,present
,,Beatrice Manlangit,present,,,,,,,Gyan Monteroso,present
,,Aresene Ochoco,present,,,,,,,Vincent Cichon ,present
,8:00 AM,Trishia Ramirez,present,,,,,,,Honey Pasamonte,present
,,Gian Carlo Nicdao,present,,,,,"Saturday, April 11","Magdamagang Pagdiriwang
sa Pasko ng Muling
Pagkabuhay ng Panginoon
8:30 PM",Mica Monsale,present
,,Beatrice Manlangit,present,,,,,,,Nicole Hernandez,present
,,Arsene Ochoco,present,,,,,,,Josiah Bacani ,present
,9:00 AM,Gian Carlo Nicdao ,present,,,,,,,James Uy,present
,,Kurt Absin,present,,,,,,,Benjamin Mendoza ,present
,,Paula See,present,,,,,,,Aleena Kassandra Santos,present
,,John Lloyd Tumbaga,present,,,,,"Saturday, April 4"," Pagkabuhay ng Panginoon 
Prusisyon at Salubong
11:00 PM",Mica Monsale,present
,,Mica Monsale,present,,,,,,,Nicole Hernandez,present
,4:00 PM,Nicole Hernandez,present,,,,,,,Benjamin Mendoza,present
,,Josiah Bacani,late,,,,,,,James Uy,present
,,Hannah Pasamonte,present,,,,,,,Josiah Bacani,present
,,Benjamin Mendoza,present,,,,,,,Gyan Monteroso,present
,,David Reyes,present,,,,,,,Gian Nicdao,present
,5:00 PM,Patricia Quinlog,present,,,,,,,Honey Pasamonte,present
,,Mary Allen Trinidad,present,,,,,,,Miguel Rivera,present
,,Karl Lapuz,present,,,,,,,Allen Trinidad ,present
,,David Reyes,present,,,,,,,Mica Monsale,present
,6:00 PM,Aki Garcia,present,,,,,"Saturday, April 11","Holy Vigil Hour Prayer
After 6 PM Mass",Mica Monsale,late
,,David Reyes,present,,,,,,,Paula See,present
,7:00 PM,Aki Garcia,present,,,,,,,Josia Bacani,present
,,John Lloyd Balino,present,,,,,,,Nicole Hernandez,late
"Monday, April 20",6:30 AM,Paula See,present,,,,,,,Julio Joaquin Salvame,present
,,Karl Lapuz,present,,,,,,,,
,,Nicole Hernandez,present,,,,,,,,
,6:00 PM,Julio Joaquin Salvame,present,,,,,,,,
"Tuesday, April 21",6:30 AM,Gian Carlo Nicdao,present,,,,,,,,
,,Trishia Ramirez,present,,,,,,,,
,,James Uy,present,,,,,,,,
,,Danica Perado,present,,,,,,,,
,6:00 PM,John Lloyd Balino,absent,,,,,,,,
"Wednesday, April 22",6:30 AM,Kurt Absin,present,,,,,,,,
,,Benjamin Mendoza,absent,,,,,,,,
,,Gyan Lester Monteroso,absent,,,,,,,,
,,Danica Perado,present,,,,,,,,
,6:00 PM,Arsene Ochoco,present,,,,,,,,
"Thursday, April 23",6:30 AM,Patricia Quinlog,present,,,,,,,,
,,Hannah Pasamonte,present,,,,,,,,
,,Mica Monsale,present,,,,,,,,
,,Nicole Hernandez,present,,,,,,,,
,,Alee Kassandra Santos,present,,,,,,,,
,6:00 PM,Alee Kassandra Santos,present,,,,,,,,
"Friday, April 24",6:30 AM,MIca Monsale,present,,,,,,,,
,,Aki Garcia,present,,,,,,,,
,,Nicole Hernandez,present,,,,,,,,
,,Bona Ganzon,absent,,,,,,,,
,6:00 PM,John Lloyd Balino,present,,,,,,,,
"Saturday, April 25",6:30 AM,Gian Carlo Nicdao,present,,,,,,,,
,,John Paul Luarca,present,,,,,,,,
,,Bruce Monteroso,present,,,,,,,,
,,Paula See,present,,,,,,,,
,6:00 PM,Julio Joaquin Salvame,present,,,,,,,,
"Sunday, April 26",6:00 AM,John Paul Luarca,present,,,,,,,,
,,Miguel Rivera,present,,,,,,,,
,,Josh Andrei Rambuyon,present,,,,,,,,
,,Paula See,present,,,,,,,,
,7:00 AM,Miguel Rivera,present,,,,,,,,
,,Josh Andrei Rambuyon,present,,,,,,,,
,,Beatrice Manlangit,absent,,,,,,,,
,,Aresene Ochoco,present,,,,,,,,
,8:00 AM,Trishia Ramirez,present,,,,,,,,
,,Gyan Lester Monteroso,present,,,,,,,,
,,Beatrice Manlangit,absent,,,,,,,,
,,Arsene Ochoco,present,,,,,,,,
,9:00 AM,Gian Carlo Nicdao ,present,,,,,,,,
,,Kurt Absin,present,,,,,,,,
,,Paula See,present,,,,,,,,
,,Josh Andrei Rambuyon,present,,,,,,,,
,,Mica Monsale,present,,,,,,,,
,4:00 PM,Nicole Hernandez,present,,,,,,,,
,,Josiah Bacani,present,,,,,,,,
,,Vincent Cichon,present,,,,,,,,
,,Kurt Absin,present,,,,,,,,
,,Bona Ganzon,present,,,,,,,,
,5:00 PM,Vincent Cichon,present,,,,,,,,
,,Mary Allen Trinidad,present,,,,,,,,
,,Kurt Absin,present,,,,,,,,
,,David Reyes,present,,,,,,,,
,6:00 PM,Aki Garcia,present,,,,,,,,
,,David Reyes,present,,,,,,,,
,7:00 PM,Aki Garcia,present,,,,,,,,
,,John Lloyd Balino,present,,,,,,,,
"Monday, April 27",6:30 AM,Paula See,present,,,,,,,,
,,Karl Lapuz,present,,,,,,,,
,,Nicole Hernandez,absent,,,,,,,,
,6:00 PM,Julio Joaquin Salvame,present,,,,,,,,
"Tuesday, April 28",6:30 AM,Gian Carlo Nicdao,present,,,,,,,,
,,Trishia Ramirez,present,,,,,,,,
,,James Uy,absent,,,,,,,,
,,Danica Perado,present,,,,,,,,
,6:00 PM,John Lloyd Balino,present,,,,,,,,
"Wednesday, April 29",6:30 AM,Kurt Absin,present,,,,,,,,
,,Benjamin Mendoza,absent,,,,,,,,
,,Gyan Lester Monteroso,absent,,,,,,,,
,,Danica Perado,present,,,,,,,,
,6:00 PM,Alee Kassandra Santos,present,,,,,,,,
"Thursday, April 30",6:30 AM,Patricia Quinlog,present,,,,,,,,
,,Hannah Pasamonte,present,,,,,,,,
,,Mica Monsale,LOA,,,,,,,,
,,Nicole Hernandez,present,,,,,,,,
,,Arsene Ochoco,present,,,,,,,,
,6:00 PM,Alee Kassandra Santos,present,,,,,,,,